product,day,hour,age_hours,SL,base_cost,competitor_price,our_price,freshness_factor,demand
tomato,0,0,11.233342111855428,72,374.9080237694725,437.14831302928883,441.46115202256493,0.93837389299946,852.3247915224579
tomato,0,1,43.28028084551104,72,374.9080237694725,302.8301893541553,313.91910851035516,0.5339458701813247,602.6090964230974
tomato,0,2,59.93587013763037,72,374.9080237694725,334.3447266585953,350.0559147661235,0.24049353071452217,272.327052845987
tomato,0,3,21.905441493086716,72,374.9080237694725,319.6116782803228,309.49291668615024,0.8321855819426494,965.8065561186143
tomato,0,4,44.05340842001132,72,374.9080237694725,369.0720945022594,361.3669446524448,0.5214023866226609,547.6097460437727
tomato,0,5,32.83703886362659,72,374.9080237694725,326.18428511098443,321.8252184501047,0.6920024684920655,757.0687296917952
tomato,0,6,42.65384895806706,72,374.9080237694725,360.58600408672237,397.20920581487275,0.5440275581872851,542.5170043851289
tomato,0,7,4.683714694940125,72,374.9080237694725,351.8987646548233,374.3350041959248,0.9834084521432208,874.2188703774779
tomato,0,8,21.93219138048269,72,374.9080237694725,465.6386322531805,527.9986846089188,0.8318780975931964,585.7544240924875
tomato,0,9,8.786752908824075,72,374.9080237694725,363.79462736149134,397.77914796140374,0.9573671981051962,795.9745654651525
tomato,0,10,18.632158675201218,72,374.9080237694725,322.2284524741941,368.9597124916893,0.86835753177803,884.0401876833267
tomato,0,11,39.36314011271614,72,374.9080237694725,365.22854003925534,365.9614814468802,0.5957631886701729,636.0995859899037
tomato,0,12,67.64392379262162,72,374.9080237694725,400.76431640816105,411.79065819573754,0.08936478095754197,72.67584820191628
tomato,0,13,6.371460147738204,72,374.9080237694725,416.3933508254412,433.9599134602607,0.9736755254085818,892.2285825385181
tomato,0,14,27.984764857642705,72,374.9080237694725,304.07300711868606,298.76177396096205,0.7576830753757635,908.76275833536
tomato,0,15,20.227284697491413,72,374.9080237694725,393.0464826522131,387.4162225427416,0.8510955639559186,770.5185854898848
tomato,0,16,5.367646344943499,72,374.9080237694725,337.3784620420026,347.57393730205604,0.9796447192696912,1079.3346160878643
tomato,0,17,0.39759243289937274,72,374.9080237694725,445.0173101296251,431.6096364308351,0.9995896462367128,942.4130619847755
tomato,0,18,55.531464961388096,72,374.9080237694725,423.2954602373104,432.9892296966657,0.32265496566832685,290.88518767727487
tomato,0,19,62.14344666304273,72,374.9080237694725,328.4066390985631,315.7915239850509,0.19814791896932105,217.9149024663935
tomato,0,20,22.39072716352768,72,374.9080237694725,364.6648000212591,348.74930932986956,0.8265782548018878,923.2383089600901
tomato,0,21,63.87931746549551,72,374.9080237694725,386.72144253693284,392.04108491235496,0.164316829631586,148.6350995188771
tomato,0,22,54.776523500416616,72,374.9080237694725,330.2772611478075,337.32025157561327,0.3364205112466022,377.14845870913825
tomato,0,23,37.63676371550357,72,374.9080237694725,410.3525181919673,410.09791892639214,0.6220627800276215,564.7018465557553
tomato,1,0,2.262901369444866,72,374.9080237694725,316.8712121356566,304.44642025391516,0.9944281464462977,1228.2809235366094
tomato,1,1,65.3447861226787,72,374.9080237694725,363.6868204026875,363.99852514452186,0.13539515155342907,144.6125641423644
tomato,1,2,16.473467915396817,72,374.9080237694725,346.5355036268313,355.3912578765739,0.8905593139282684,892.7175004029012
tomato,1,3,66.93823096866527,72,374.9080237694725,321.54278314562913,310.649598128945,0.10357780396121863,116.0593599022726
tomato,1,4,57.86438953673624,72,374.9080237694725,413.94024842591506,429.31649732418913,0.2795259899773357,254.34985467997527
tomato,1,5,58.1356911718125,72,374.9080237694725,392.7908840767187,394.33621147507955,0.27445305875303416,237.02886857177705
tomato,1,6,16.4113317030198,72,374.9080237694725,382.51643272213744,404.3603058489323,0.8911779280479684,891.8317485418609
tomato,1,7,0.5005533982457306,72,374.9080237694725,404.6888949484209,461.21598716559504,0.9994203352696603,741.8019864033
tomato,1,8,8.630306448025163,72,374.9080237694725,366.4049241823496,391.84509927069723,0.9585007181782805,910.3675967146029
tomato,1,9,37.35292476552236,72,374.9080237694725,410.9294253121796,444.03074491382273,0.6263300490556076,478.6278291256053
tomato,1,10,69.296205235832,72,374.9080237694725,374.17002704375255,431.00496835967846,0.05579687314608328,49.204890704038675
tomato,1,11,20.50851559517767,72,374.9080237694725,356.0021578625081,348.91338272426214,0.8479793460863999,869.3290406017825
tomato,1,12,3.7064700899992333,72,374.9080237694725,351.364643147862,351.4587745519414,0.9883200225275492,949.7809174672383
tomato,1,13,10.432430790568063,72,374.9080237694725,402.196376412352,391.7216500270092,0.9448456813698273,844.822271821121
tomato,1,14,48.39375941322326,72,374.9080237694725,428.6242275603824,417.5680915602168,0.4489572447061233,390.55024089209036
tomato,1,15,26.48038555578623,72,374.9080237694725,363.4721429758891,371.7671715050976,0.7769574551602279,832.6435424846011
tomato,1,16,6.500863443917398,72,374.9080237694725,400.244339847174,401.6762013282483,0.9728694985734146,923.078538262512
tomato,1,17,2.935810191943002,72,374.9080237694725,378.5404870371635,366.673943462126,0.9917663345626664,1096.196706684331
tomato,1,18,36.87070019754823,72,374.9080237694725,402.0574599591009,382.62151299764287,0.6335427373802627,631.7563981788106
tomato,1,19,49.74751714337755,72,374.9080237694725,369.8350195322961,357.79194972336506,0.42567414091254363,420.81351694670815
tomato,1,20,24.556777275618614,72,374.9080237694725,414.42261775877836,399.40066583780356,0.8008142284111741,718.8140372232473
tomato,1,21,18.571797195491204,72,374.9080237694725,389.9993726578603,404.71558376763085,0.8689967246258153,708.6769642047743
tomato,1,22,38.13484164163247,72,374.9080237694725,423.7242347070779,426.0632268720971,0.6145356871644725,544.2520788437586
tomato,1,23,64.83010011575979,72,374.9080237694725,312.14979418659755,324.548875895878,0.14559005690254545,161.64951296868907
tomato,2,0,52.26880887865723,72,374.9080237694725,366.30152518002717,360.7780488998344,0.38146374522836135,411.24375671517015
tomato,2,1,46.22627852310872,72,374.9080237694725,451.6782917243687,464.3196625692084,0.485560090831312,406.85903576662827
tomato,2,2,43.66289229549047,72,374.9080237694725,308.83405104844246,321.14276150895677,0.5277521315897358,571.0454596557065
tomato,2,3,0.36443403692774545,72,374.9080237694725,297.6832729605057,302.55044713679763,0.9996398945840741,1134.095736979177
tomato,2,4,46.94121068418724,72,374.9080237694725,354.5842375144664,361.38853875012154,0.4735796311745353,454.5972318337592
tomato,2,5,23.428778267467276,72,374.9080237694725,376.7815774690017,366.88160713956415,0.8143795938407465,780.2225416853986
tomato,2,6,47.34812824562472,72,374.9080237694725,411.0495862118842,467.94484005477756,0.4667197766123806,371.7819769345316
tomato,2,7,19.094570473084232,72,374.9080237694725,333.70518974155056,362.21987718132095,0.8634266080928847,913.3751462841914
tomato,2,8,64.22735197275216,72,374.9080237694725,406.18860934456376,442.0309967581486,0.15747794056455122,117.69384501179464
tomato,2,9,41.53707969309786,72,374.9080237694725,418.76880785495734,460.76716519739807,0.5618173323775995,443.2139481494927
tomato,2,10,20.215610095741617,72,374.9080237694725,340.12152752718424,382.45636313678636,0.8512244603317505,829.3817869202416
tomato,2,11,67.71301807340983,72,374.9080237694725,354.04549865616525,342.613747604157,0.08796918443287127,86.92574430127004
tomato,2,12,1.1128763900784548,72,374.9080237694725,459.8412473183174,453.87060879552064,0.998078361688463,874.8047884771615
tomato,2,13,69.38063835042621,72,374.9080237694725,398.25480357776945,416.8395559074551,0.054070668449445525,52.52837343466214
tomato,2,14,61.281840349213695,72,374.9080237694725,376.62617836695136,372.29865803071743,0.21476625668668436,234.2728991533466
tomato,2,15,67.40314373957622,72,374.9080237694725,325.3687052627469,327.2168405850832,0.09422259117432574,105.47798626666452
tomato,2,16,44.28052032234022,72,374.9080237694725,397.7955418884454,381.7714023938593,0.5176965944021997,530.3420349611071
tomato,2,17,63.17086117881279,72,374.9080237694725,367.2048942350289,367.877968040788,0.17818048176126777,202.43213046389914
tomato,2,18,25.883362887822372,72,374.9080237694725,416.18710613256155,424.6142326278113,0.7844578020346509,712.1815696054535
tomato,2,19,62.42920693776747,72,374.9080237694725,392.78942525919905,404.9703514653205,0.19261071356685244,165.4441651346944
tomato,2,20,57.47725288560781,72,374.9080237694725,407.2746052171308,407.336360049143,0.28674428564735344,285.5236862406738
tomato,2,21,64.08038461086477,72,374.9080237694725,409.5495679581082,421.6637439553813,0.16036812004470014,143.61241023243736
tomato,2,22,41.63617015172453,72,374.9080237694725,349.2205583097773,335.0415729445148,0.5602484110566172,614.0485645373954
tomato,2,23,20.630970153236476,72,374.9080237694725,336.6020703216454,338.0374975547134,0.8466157625756978,852.8358734871225
tomato,3,0,59.2272403674954,72,374.9080237694725,327.953776375924,312.78093551123834,0.25392325775241664,315.371237659721
tomato,3,1,55.43953582309998,72,374.9080237694725,323.65236379254367,324.37227216206264,0.32433622785255956,370.06119219573606
tomato,3,2,3.721083924139754,72,374.9080237694725,366.6360437213876,351.43338722601464,0.9882508769306678,995.5434499826395
tomato,3,3,52.27857602803163,72,374.9080237694725,381.85803450475487,387.1059057115836,0.3812903640568336,369.5329540700302
tomato,3,4,57.25340602334666,72,374.9080237694725,412.59599539772773,405.2912503701746,0.2909069194126359,295.4454864067319
tomato,3,5,1.8252535259129408,72,374.9080237694725,351.1752299105069,336.3716621905632,0.9959636757286449,1069.921078215795
tomato,3,6,29.44461199782743,72,374.9080237694725,450.8831945078332,505.69127632792953,0.7384769279768146,557.2788464765545
tomato,3,7,39.54431985884067,72,374.9080237694725,314.29462468314927,337.08938254730015,0.592969061941663,620.647399164641
tomato,3,8,68.75030020774997,72,374.9080237694725,409.78986362385297,440.84895556677526,0.06693230428556396,57.43698007868965
tomato,3,9,30.211204494800874,72,374.9080237694725,399.1501159975916,443.97039596741655,0.7281975818542188,622.6973471923455
tomato,3,10,1.0363311813424225,72,374.9080237694725,340.610695169506,384.33253040897915,0.9982731719141403,907.3213720096913
tomato,3,11,61.59316204879252,72,374.9080237694725,298.97919181887795,285.2479386680417,0.20877499122520726,257.8304975653849
tomato,3,12,35.39634300841193,72,374.9080237694725,387.1555709926749,371.58549647598386,0.6553019331171017,693.866450624942
tomato,3,13,28.69234087661089,72,374.9080237694725,336.3581353449806,334.13318175313447,0.7484349941850763,847.9242154555465
tomato,3,14,26.97210825310593,72,374.9080237694725,399.14101055017255,380.9922288469028,0.7707160808882039,777.0162142200436
tomato,3,15,47.42594147656404,72,374.9080237694725,384.70682400537294,398.4212314647469,0.46540462531469806,445.3939206578225
tomato,3,16,1.9088143589967705,72,374.9080237694725,304.5911367851613,308.92910177005973,0.9956833504131893,1144.9725681129044
tomato,3,17,27.948234686869576,72,374.9080237694725,431.70278366919683,434.96102493761293,0.7581573864518241,640.4397649452717
tomato,3,18,67.78546623190981,72,374.9080237694725,380.82204739351994,382.55923530380124,0.08650507991428791,87.34158029897513
tomato,3,19,14.096961704829344,72,374.9080237694725,417.05743077009475,433.9628804996152,0.9133657669024837,731.9672417112228
tomato,3,20,6.7998931744268445,72,374.9080237694725,301.5838450679922,287.05419363900785,0.9709761921339295,1179.5769514514295
tomato,3,21,60.83102238980073,72,374.9080237694725,338.63545738892844,332.50533036552696,0.22341512301906175,265.69049510686585
tomato,3,22,8.50786758875925,72,374.9080237694725,371.1589341085557,363.0622791809581,0.9593807089991324,881.5893407527955
tomato,3,23,52.92511515387977,72,374.9080237694725,404.73284113730443,420.01037318576675,0.36977740040018736,336.7810224756253
tomato,4,0,54.0442621181418,72,374.9080237694725,371.6604418013574,359.67214563470986,0.3496821977330391,392.15943974579073
tomato,4,1,26.78530217708039,72,374.9080237694725,456.4687887678022,452.4800584498064,0.7730939473744906,655.794592124407
tomato,4,2,61.80571813269685,72,374.9080237694725,376.73885573784804,392.96715793270636,0.20467572039403514,206.3379632697347
tomato,4,3,7.424918556187148,72,374.9080237694725,397.3992529293196,407.51476772929306,0.9668839296340922,854.8455929759857
tomato,4,4,23.043571274204048,72,374.9080237694725,405.73039506517637,418.9757667347634,0.8189385745152278,785.9409026160567
tomato,4,5,65.18750230218699,72,374.9080237694725,391.1174536337762,371.9854604171219,0.13851490674484457,152.56850160240722
tomato,4,6,68.44371457950405,72,374.9080237694725,325.601006035837,374.28057585694376,0.0731667349812345,65.89778120079843
tomato,4,7,21.111175562260648,72,374.9080237694725,395.46035118771675,432.7637335882756,0.8412294747845059,713.1781796272369
tomato,4,8,56.99369114826109,72,374.9080237694725,380.79967869813044,429.45110193730414,0.29572636226144333,236.53109367006135
tomato,4,9,4.144230721198388,72,374.9080237694725,347.9828087308153,382.5675094193365,0.9861908437362905,1029.0367679169585
tomato,4,10,25.265880903749665,72,374.9080237694725,371.9804311742682,425.04249488945,0.7921246840306664,683.7507600369673
tomato,4,11,44.5117005587708,72,374.9080237694725,309.11673567501447,317.20046695709607,0.5139146463705648,568.2491265382852
tomato,4,12,5.238936458221934,72,374.9080237694725,301.9546710158184,308.0230278132258,0.9803724563486984,1114.9298331074954
tomato,4,13,6.108315414133818,72,374.9080237694725,423.73137648023413,405.9918107358605,0.9752893916629803,955.1167187722351
tomato,4,14,58.521568842540184,72,374.9080237694725,395.8796535506027,390.7586393502818,0.2672173204240831,283.79785632623054
tomato,4,15,27.090690158225936,72,374.9080237694725,467.99462370562645,479.8525865521737,0.769202362405004,623.6287287508849
tomato,4,16,30.543984665782293,72,374.9080237694725,372.2530483424585,374.4271643424893,0.723694331385391,650.021210072781
tomato,4,17,0.817462423254173,72,374.9080237694725,358.0936333074352,357.82954298746023,0.9987902296037957,1149.7449848579552
tomato,4,18,8.46188976795155,72,374.9080237694725,322.96729939340446,310.6563645773993,0.9597095330561659,1171.4700440626882
tomato,4,19,69.27642349016702,72,374.9080237694725,414.5951385931975,418.05156706517755,0.05620115184358898,50.887555033440854
tomato,4,20,16.09890037340059,72,374.9080237694725,342.02730232712173,354.6343988725987,0.8942706470109298,926.8240374985883
tomato,4,21,3.10751366044148,72,374.9080237694725,349.6887062188275,366.119838117929,0.9910335439305483,1125.7891444034885
tomato,4,22,5.313352660948718,72,374.9080237694725,407.5959024542008,427.68894554944063,0.9799527771318542,914.0493879227379
tomato,4,23,45.3167019457389,72,374.9080237694725,432.298214739301,433.29673041920915,0.5006688055985311,421.50596371208934
tomato,5,0,42.070630458463214,72,374.9080237694725,384.2725309770918,389.1742376051399,0.553347482917264,554.0490177510948
tomato,5,1,68.42962685351223,72,374.9080237694725,349.76093560408924,342.09988363009353,0.07345287450312654,88.49830989400563
tomato,5,2,19.971445174641552,72,374.9080237694725,398.79395713320434,403.584772539001,0.8539116802514638,855.3982939070042
tomato,5,3,42.02324005326279,72,374.9080237694725,347.6945958138221,342.59573203347423,0.5541019670379372,571.247967928566
tomato,5,4,50.26764340942165,72,374.9080237694725,392.0961094963288,411.16024362690536,0.4166434967216539,328.58642772656486
tomato,5,5,49.300644423879305,72,374.9080237694725,356.0370420765282,367.209307140009,0.4333953302200054,447.9656988124844
tomato,5,6,68.38559375701853,72,374.9080237694725,392.70983805241343,445.91381218542006,0.07434705243879758,53.42043707330515
tomato,5,7,67.15645080148896,72,374.9080237694725,405.1647740502771,442.0374968651866,0.0991907046633419,85.05439549559033
tomato,5,8,27.10536241521957,72,374.9080237694725,347.4608714760255,364.1043748055168,0.7690148377961463,861.9466792581611
tomato,5,9,42.777411505353726,72,374.9080237694725,456.40291253699365,484.4926213925435,0.5420447863640592,417.9149135169615
tomato,5,10,60.35966673920193,72,374.9080237694725,417.57039162604855,475.04189138746403,0.23242379114602363,162.5442437957442
tomato,5,11,4.059035758866752,72,374.9080237694725,363.04011779703137,354.8138854672063,0.9866144700121529,1044.6536134012415
tomato,5,12,71.75785226932119,72,374.9080237694725,440.01533772118563,462.00368179880985,0.005040500434295492,4.217598320521813
tomato,5,13,61.174612128773624,72,374.9080237694725,409.6534465009473,427.8734279141319,0.2168263051535433,185.78355792606695
tomato,5,14,68.69167396262802,72,374.9080237694725,350.6824300475284,337.6777023020363,0.06812554835645757,72.4572718975102
tomato,5,15,44.5052333129685,72,374.9080237694725,351.7008772385216,357.7396053713211,0.5140205798408708,556.1428195286657
tomato,5,16,37.46215446507312,72,374.9080237694725,322.0416951142393,327.5670673887265,0.6246897887042637,704.9822220198444
tomato,5,17,39.737292391762956,72,374.9080237694725,397.7182460645457,411.7251469248527,0.58998602148529,561.3376298029337
tomato,5,18,9.649096448446134,72,374.9080237694725,422.35669274267235,418.2802270007189,0.9509395839865912,841.1298248137248
tomato,5,19,50.693743303144096,72,374.9080237694725,365.5668927842384,369.9650116702936,0.4092104600808748,367.5421484220413
tomato,5,20,25.242304234074982,72,374.9080237694725,314.8352889515,299.55144190575004,0.792415582109631,951.3594610843404
tomato,5,21,65.09942600354988,72,374.9080237694725,369.3126718259421,367.00354146558794,0.140260274652231,146.8706703817156
tomato,5,22,28.55108032713145,72,374.9080237694725,365.05565476833925,375.41056839766225,0.7502904947399607,721.435535579108
tomato,5,23,10.589290626890731,72,374.9080237694725,425.8133501740998,444.95453844730093,0.9435970840315894,780.1153619703457
tomato,6,0,33.05777444915481,72,374.9080237694725,405.93189797146124,396.11826654115566,0.688891645627483,711.1363544364568
tomato,6,1,45.604861510804255,72,374.9080237694725,409.99166542065836,402.97062417077535,0.4958985261382204,507.51847048672823
tomato,6,2,9.219300404959615,72,374.9080237694725,310.19925447983366,298.68713112126716,0.9541807258523948,1155.6406250888142
tomato,6,3,13.095366076738427,72,374.9080237694725,311.013232011383,315.3946229803857,0.9224328703861507,1034.8000898946366
tomato,6,4,48.064157173513955,72,374.9080237694725,406.58615228606857,405.5274686363327,0.454577245773768,395.44850417687167
tomato,6,5,12.163324541195848,72,374.9080237694725,317.99718308281797,303.3969344136003,0.930564798935566,1092.886193937722
tomato,6,6,8.685782719243258,72,374.9080237694725,323.5876116022697,341.3063886389386,0.9580999349858572,1014.231589109149
tomato,6,7,36.24604350154969,72,374.9080237694725,339.1968896598073,368.0522621195736,0.64281586029432,650.9859776783032
tomato,6,8,45.208828043345356,72,374.9080237694725,335.39641184810154,379.9823821139629,0.5024506895598349,516.9106007966682
tomato,6,9,4.39761310955019,72,374.9080237694725,382.05026175028155,437.9426731118411,0.9849052201553022,708.2710473092527
tomato,6,10,13.285513393659167,72,374.9080237694725,391.080315938876,440.8681901292778,0.9207373172167965,697.9437446618829
tomato,6,11,44.51434355018131,72,374.9080237694725,339.3931133078433,338.8678340837702,0.5138713519625009,539.3625943370228
tomato,6,12,2.6411906081230487,72,374.9080237694725,360.97562206332276,369.9087196468654,0.9929741176722674,977.334887962986
tomato,6,13,36.840775832327964,72,374.9080237694725,379.15318834394935,394.1375816003925,0.6339887734846105,558.2267018867103
tomato,6,14,38.34844318476167,72,374.9080237694725,332.84986536707436,331.09948670479577,0.6112925521639444,708.0824637023445
tomato,6,15,1.4451262399962985,72,374.9080237694725,330.9810518098134,326.91939013287805,0.9971564561122439,1098.484291169968
tomato,6,16,8.622873490986088,72,374.9080237694725,330.26795028569046,324.570740694185,0.9585543192794415,1083.7833840833316
tomato,6,17,56.820329179728354,72,374.9080237694725,415.53913695755904,422.98153926999896,0.29893728005334974,282.71653981483945
tomato,6,18,42.252560497503296,72,374.9080237694725,328.3456229187795,329.56399997755676,0.5504470998472235,636.2162839441426
tomato,6,19,20.43186521750816,72,374.9080237694725,385.24774412592313,370.9003593043163,0.8488308128322178,908.9013544970766
tomato,6,20,25.63896426464493,72,374.9080237694725,380.6039685563794,383.2978189208475,0.7875034071963182,740.6086098739335
tomato,6,21,7.328338028669069,72,374.9080237694725,424.4420563239338,413.28885623769264,0.9675279658091417,962.1773528342841
tomato,6,22,13.432825731694015,72,374.9080237694725,322.28985266296957,311.35395764117163,0.9194153495966775,1046.0832031323769
tomato,6,23,5.776829687638239,72,374.9080237694725,323.6366251396332,336.47740743945224,0.9772733407126577,1053.0072840238195
milk,0,0,9.548534377097798,24,1009.8045558281019,1135.2218688442297,1091.1796765922654,0.7490494155663971,515.5357641690858
milk,0,1,6.189667849078556,24,1009.8045558281019,1225.74309253902,1264.6079826193322,0.8690262826140299,559.4620272131561
milk,0,2,13.362309432334314,24,1009.8045558281019,991.0629153325929,1033.616777288453,0.5845627600781763,405.1130806982002
milk,0,3,4.489049965380561,24,1009.8045558281019,956.65943942931,982.440735269066,0.9191062820502971,781.731956744491
milk,0,4,5.817833577961926,24,1009.8045558281019,952.4028268954418,953.1276415127237,0.8806492703934754,727.7470090510254
milk,0,5,13.949717314142696,24,1009.8045558281019,962.9465664189458,942.592818118629,0.5568699031743398,437.9771187031212
milk,0,6,1.2437648837382458,24,1009.8045558281019,934.6808473584009,1031.4996111217881,0.9882024840355238,683.1625916431038
milk,0,7,23.759045577358684,24,1009.8045558281019,869.6733347591819,914.87134223359,0.015021789077018566,13.216482070960087
milk,0,8,16.356065333374303,24,1009.8045558281019,1064.4655011373272,1142.1826298286423,0.43739784364297807,270.0371609027009
milk,0,9,9.884181939534445,24,1009.8045558281019,1092.8412550709838,1198.7084820624204,0.7357017826959762,485.49287532751686
milk,0,10,23.1606458559963,24,1009.8045558281019,1105.470882152075,1256.2218844894894,0.051998255933671134,27.217712876453316
milk,0,11,4.349593587975844,24,1009.8045558281019,998.6113107553574,1042.3844845696733,0.922846406757096,620.2507895187377
milk,0,12,20.20389064219853,24,1009.8045558281019,988.9660736772544,996.3312119108602,0.2276117629665224,161.42078190991873
milk,0,13,3.927742628776908,24,1009.8045558281019,1020.0569624965013,989.6212495360975,0.9337939510477069,686.7445242633623
milk,0,14,12.553570194458864,24,1009.8045558281019,1030.8981269957894,1047.9282775358517,0.6217020216400231,420.16212361987
milk,0,15,19.59838654731785,24,1009.8045558281019,1092.3372009852635,1080.5885799542405,0.2620726343630321,180.13323550038766
milk,0,16,7.23306897993941,24,1009.8045558281019,960.6873571249789,957.1020513177385,0.8345498947605209,709.4679750301966
milk,0,17,21.589789758589642,24,1009.8045558281019,1060.6769024580951,1032.2733215551675,0.14679035305059351,122.09977640204876
milk,0,18,14.98171190193581,24,1009.8045558281019,999.2426973818405,1039.859126238911,0.5067974658029144,373.75543131007265
milk,0,19,8.037734751770067,24,1009.8045558281019,1055.4671224466344,1068.9462875754896,0.8061866703062723,517.7867339583074
milk,0,20,12.803066207431716,24,1009.8045558281019,1019.5978277162944,1031.8404198275566,0.6103684425895335,419.4768252063934
milk,0,21,7.4813296270931575,24,1009.8045558281019,1183.6709452083935,1142.4407127737372,0.8259590991072883,614.1906481193303
milk,0,22,13.677352436911598,24,1009.8045558281019,1029.1932145142835,981.1846892181899,0.5697843602884118,440.2881558751719
milk,0,23,19.710175312128307,24,1009.8045558281019,1182.9401445731191,1164.2593606726452,0.2557499574894575,177.306044799142
milk,1,0,9.534894973448814,24,1009.8045558281019,1027.94890917204,989.6566468510343,0.7495869211528379,545.7491753328026
milk,1,1,17.334061641433593,24,1009.8045558281019,957.48620389268,931.5623985138861,0.3861904482874161,375.05445833879577
milk,1,2,13.025386640342308,24,1009.8045558281019,1098.8845206148865,1120.1972149571097,0.6001758038071918,437.13342745982067
milk,1,3,21.80281347200708,24,1009.8045558281019,915.2530348955457,886.1111692940291,0.13413148811346887,120.3811890862614
milk,1,4,22.73480015068357,24,1009.8045558281019,996.1092767187876,992.3246395736321,0.07802350591578588,65.62869746164783
milk,1,5,14.674901650431547,24,1009.8045558281019,964.1066011525261,964.6743325709843,0.521870063501149,401.24230984124233
milk,1,6,13.563196406141014,24,1009.8045558281019,1014.3485209434261,1163.9984125158544,0.5751592043343235,304.30874673466974
milk,1,7,3.6609370299422723,24,1009.8045558281019,1182.5468430715634,1327.7591605833948,0.9404239746393432,505.4866153805612
milk,1,8,17.674661654993347,24,1009.8045558281019,1058.0334807177044,1155.0068768980932,0.36801059042973017,243.48696951491024
milk,1,9,2.717713100178126,24,1009.8045558281019,1237.651940377192,1354.724322204009,0.961894422386944,541.450600586283
milk,1,10,22.100205182816936,24,1009.8045558281019,1220.3451411372819,1291.9951371900904,0.11635546449161349,72.52844737788205
milk,1,11,9.576064892883126,24,1009.8045558281019,1090.6381758120997,1100.59302328583,0.7479633153978631,585.2063765630371
milk,1,12,0.11116855211046861,24,1009.8045558281019,874.4039939071946,900.8856204094616,0.9996847492986591,824.9111223125193
milk,1,13,22.07653479390625,24,1009.8045558281019,946.3562556763695,949.8952119538787,0.11777472336769712,98.10283191913213
milk,1,14,10.853230581355373,24,1009.8045558281019,933.8330558519273,956.0117074810246,0.6958963153715378,576.478874099038
milk,1,15,4.233287676149359,24,1009.8045558281019,940.571037786912,906.7910892813865,0.9259201983498712,798.0326566947631
milk,1,16,8.697453578799195,24,1009.8045558281019,984.9220923606607,1025.7811816493843,0.7818419130341244,610.5005406493411
milk,1,17,15.924896928401054,24,1009.8045558281019,1066.7943846623411,1014.851574705088,0.4594970326111708,373.68150519516814
milk,1,18,9.95097896944857,24,1009.8045558281019,1075.4634669008376,1037.6784268146255,0.7330180811911489,505.9993420906926
milk,1,19,14.28924041568105,24,1009.8045558281019,1064.1022161142153,1064.3357876500022,0.5405937996362142,345.6936123035463
milk,1,20,21.55330294657713,24,1009.8045558281019,991.5378079553084,962.7738507230986,0.1489523294158247,111.58401021498524
milk,1,21,11.329606682639982,24,1009.8045558281019,862.076692933651,822.1237199655993,0.6756563593278397,661.6907734900525
milk,1,22,10.878932033952662,24,1009.8045558281019,889.6289494605078,914.1406838792817,0.6948154576837311,651.9640139601856
milk,1,23,13.43136795139723,24,1009.8045558281019,996.6974837420125,986.8065629900303,0.5813380349545972,484.66921304459606
milk,2,0,22.706771091207187,24,1009.8045558281019,850.4634467636846,881.2319913873542,0.07972799642241912,70.071774432599
milk,2,1,9.809620106354313,24,1009.8045558281019,916.5268248154756,929.724769229449,0.7386867563372297,642.1236845058243
milk,2,2,15.814174605843633,24,1009.8045558281019,819.6732328649924,837.375898367833,0.4651242212567275,421.9294943128983
milk,2,3,16.12542584636948,24,1009.8045558281019,838.0364735128309,815.4995606022254,0.44925580768693996,422.6462827542202
milk,2,4,4.285071889304007,24,1009.8045558281019,804.3933754795682,828.5184267069642,0.9245567644260102,849.525248490361
milk,2,5,5.836132583986898,24,1009.8045558281019,958.9150131594231,920.5048469460938,0.8800857317132511,837.1958404085366
milk,2,6,9.532404710842915,24,1009.8045558281019,1167.2390444953758,1326.361956055876,0.7496850166656341,407.54012206891804
milk,2,7,21.512059644506873,24,1009.8045558281019,951.3742859498592,1024.8643821986411,0.15139394262110628,124.44756430991436
milk,2,8,0.6367728929716732,24,1009.8045558281019,798.1135081153811,852.2794671027655,0.9956782465372048,878.0111212503032
milk,2,9,21.424121065847395,24,1009.8045558281019,969.0208818451747,1057.547432389306,0.1565921125161288,104.86598789842374
milk,2,10,9.112617796014405,24,1009.8045558281019,1022.9532957357826,1098.1777802280526,0.7660366288337501,592.4095810823045
milk,2,11,9.82587965258977,24,1009.8045558281019,956.5086062104835,968.3835560914164,0.7380367931087435,644.1263559258325
milk,2,12,22.76287936709176,24,1009.8045558281019,1000.7647136124945,980.195572083535,0.07631491143404001,64.76123694916599
milk,2,13,11.698348757988327,24,1009.8045558281019,948.2701122060505,983.2108290909555,0.6596937037026196,590.682276624874
milk,2,14,0.5392633996828176,24,1009.8045558281019,1187.4953554485196,1178.614493839214,0.9966319032724898,705.2343689944207
milk,2,15,6.189304450396855,24,1009.8045558281019,975.1156286373308,988.1312984608472,0.8690378167493336,668.6333708303259
milk,2,16,12.61656437526446,24,1009.8045558281019,1031.114312447496,1081.0617145979174,0.6188509870482543,393.09101870327123
milk,2,17,21.943171357451977,24,1009.8045558281019,879.048425903142,836.7126341350194,0.12575686776310235,119.2205716893665
milk,2,18,13.300272060379042,24,1009.8045558281019,954.013115494311,932.4576872101237,0.5874525334869353,470.07355511722193
milk,2,19,0.26389988780353146,24,1009.8045558281019,1143.3031383080897,1109.7381901744295,0.9988469664457793,723.041962214559
milk,2,20,14.3379144520874,24,1009.8045558281019,1048.8512416952774,1088.0667489061761,0.5382444600169972,337.7638750351876
milk,2,21,21.945886702199033,24,1009.8045558281019,1081.1065652503544,1046.0107410554526,0.12559458869494167,98.17526766056893
milk,2,22,1.127183202601321,24,1009.8045558281019,958.57234305136,960.3857419591724,0.9898217081446057,832.3314784687902
milk,2,23,14.475650627193318,24,1009.8045558281019,1009.7041934570544,967.5792000058675,0.5315747722722778,408.55814744603697
milk,3,0,8.53614519515878,24,1009.8045558281019,926.5461342264346,906.9676340931404,0.7878828282647826,683.1169547280281
milk,3,1,11.425209652778392,24,1009.8045558281019,989.890519560762,996.4638519492361,0.6715423323869837,583.1090850986798
milk,3,2,5.158569086178162,24,1009.8045558281019,1179.5253771795426,1206.9578462478785,0.900350066263691,568.8456621078925
milk,3,3,1.2342195236220084,24,1009.8045558281019,849.8546625821303,857.9349048535577,0.9883380344133265,868.3699846113204
milk,3,4,18.501892889899725,24,1009.8045558281019,1038.3870636190688,1021.175163669919,0.32312670332701177,253.89161235648575
milk,3,5,11.891791588948763,24,1009.8045558281019,811.7712567396098,830.2949640793347,0.6512179938049865,612.1781131302787
milk,3,6,19.658455624180792,24,1009.8045558281019,1027.3670359996013,1101.4445385404283,0.25867741378023157,191.66024370631231
milk,3,7,14.16553600485809,24,1009.8045558281019,1132.7884809624215,1217.6750790321748,0.5465466070251401,355.63085912564605
milk,3,8,3.2836471420550737,24,1009.8045558281019,861.4402802368553,987.1282878337532,0.9493921531289122,753.2711240751094
milk,3,9,13.005622737080596,24,1009.8045558281019,1082.9049029822877,1153.6885728142001,0.6010854606944389,447.39068566466125
milk,3,10,15.810800801057216,24,1009.8045558281019,1160.7229481704867,1315.9368245149653,0.4652953781704342,270.5538097483219
milk,3,11,11.746199127435371,24,1009.8045558281019,1158.490740287119,1129.490010913692,0.6576036109971048,468.62562417279185
milk,3,12,0.9462434728441416,24,1009.8045558281019,1092.9971593475116,1141.5327190334315,0.9921713390879843,590.4871347449794
milk,3,13,13.630685533263108,24,1009.8045558281019,1185.4446683887954,1147.5786429817222,0.5719843141931057,398.8687989826288
milk,3,14,7.136376176941218,24,1009.8045558281019,940.7975959986354,959.3708472813589,0.8378564267515872,805.8961261892898
milk,3,15,11.38114119977913,24,1009.8045558281019,1250.3315512321144,1305.879592081479,0.6734408517758734,403.9225057678343
milk,3,16,19.893971379616257,24,1009.8045558281019,1194.8591620115535,1173.2442163166684,0.24531560379161077,173.1735906706518
milk,3,17,2.8936052586546914,24,1009.8045558281019,942.7617706635085,917.308036001294,0.9581358705194175,765.2426045588685
milk,3,18,17.394402516690274,24,1009.8045558281019,978.7984188842228,963.1254056554632,0.38298260060839073,287.708897828711
milk,3,19,18.977355956135124,24,1009.8045558281019,870.9315301623394,874.3709513319935,0.29686827596894483,256.6386019162182
milk,3,20,14.78071651637531,24,1009.8045558281019,1009.9548790752227,1048.9368900797833,0.5166893458736463,367.809034476014
milk,3,21,0.5104658604092913,24,1009.8045558281019,819.4890999019011,849.8182992066792,0.9968980614466928,941.9296859528939
milk,3,22,19.17079765856797,24,1009.8045558281019,1094.9028480679092,1142.9764954275483,0.28609008683137227,211.39101972105874
milk,3,23,9.646341926621812,24,1009.8045558281019,1060.6383453631215,1088.977359830353,0.7451837527853709,613.624812520436
milk,4,0,23.618003260783084,24,1009.8045558281019,1044.2114294711937,1083.2312208277124,0.023779541688159322,16.94730758864153
milk,4,1,17.701975238133397,24,1009.8045558281019,1037.7368184763009,1029.5757450510578,0.3665450549504019,307.81171316618764
milk,4,2,6.893735799697962,24,1009.8045558281019,845.209288071991,832.9218178078028,0.8460551764362897,822.2019716677107
milk,4,3,0.42897443360193144,24,1009.8045558281019,891.2531633752632,850.4420740484962,0.9976103722570723,958.4261831774935
milk,4,4,16.311534784633675,24,1009.8045558281019,1084.290585978832,1071.7482332254956,0.43969386554908907,369.5966602119183
milk,4,5,2.1458640554942283,24,1009.8045558281019,1081.5336432576066,1112.5028199245571,0.9732646148374778,605.6366266772272
milk,4,6,11.217636269996873,24,1009.8045558281019,1106.1165326889025,1270.8399846297896,0.6804526881936648,357.8895423319287
milk,4,7,5.5601208332026415,24,1009.8045558281019,929.5520888517373,1072.7296482013583,0.888491112707235,670.6529699106813
milk,4,8,12.304524264396207,24,1009.8045558281019,1148.5674033598305,1277.035870477249,0.6329033866146969,397.2335948218782
milk,4,9,4.474518291462108,24,1009.8045558281019,862.6958422966633,922.4405341433584,0.9194987601788949,774.6784249240154
milk,4,10,23.25846312337947,24,1009.8045558281019,1018.3276227847166,1070.6316732952628,0.04598619678785909,36.56389977813879
milk,4,11,4.173485981267695,24,1009.8045558281019,1226.844655526009,1287.5621572451885,0.9274843780780915,562.8883474592541
milk,4,12,3.6935017521565214,24,1009.8045558281019,1065.4571956546556,1086.3423534548642,0.939627299636868,648.3634675731031
milk,4,13,12.887386149441927,24,1009.8045558281019,984.8391061227398,957.6395847882465,0.6065129898968289,570.54211363058
milk,4,14,21.059060703129127,24,1009.8045558281019,1053.2871860690589,1010.2590181181098,0.1780571307264831,146.30175730884952
milk,4,15,22.93563595751408,24,1009.8045558281019,855.4912585959285,888.7483170083146,0.06577966231483234,59.030506562407446
milk,4,16,13.220576894619343,24,1009.8045558281019,1183.4963974133366,1201.869229894696,0.5911549470187636,401.0972167552552
milk,4,17,6.234090810247829,24,1009.8045558281019,900.9495615239113,889.4794390464398,0.8676137672672549,736.8404619547244
milk,4,18,5.284396846795472,24,1009.8045558281019,1053.6214464242562,1009.4795772262262,0.8966819324570415,765.2318730329687
milk,4,19,11.883516648335384,24,1009.8045558281019,913.7018061476375,945.7916453174274,0.6515819820515314,602.4584552676371
milk,4,20,8.347420989652633,24,1009.8045558281019,1033.7692514623945,1067.3337713732476,0.7948782972532831,580.221357286631
milk,4,21,21.08711967252379,24,1009.8045558281019,1066.378755886056,1041.5351455447205,0.176413855845319,141.98829558513128
milk,4,22,20.815060823035257,24,1009.8045558281019,1120.7299874085843,1160.020733091931,0.19230077935609624,135.57524567307715
milk,4,23,16.32337852224721,24,1009.8045558281019,1158.235585984896,1181.1074333970776,0.439083500853538,292.15210099263993
milk,5,0,21.140898220774282,24,1009.8045558281019,1112.1338797038616,1074.166196827711,0.17326125642004853,130.71589542179765
milk,5,1,3.0928768193626848,24,1009.8045558281019,931.6861858629583,962.0420824253529,0.9537377157360912,904.2568279109466
milk,5,2,19.631208578857493,24,1009.8045558281019,1047.8411190299691,1012.2941460155107,0.260218113354757,197.03892051320716
milk,5,3,6.888915196197907,24,1009.8045558281019,1079.2952389748239,1026.019701120151,0.8462166223985104,726.6750090987995
milk,5,4,6.235285945539835,24,1009.8045558281019,1182.5993366392565,1198.187595600256,0.8675756958676225,546.4261669769694
milk,5,5,2.567535331847002,24,1009.8045558281019,1049.3063435707243,1078.6706984058394,0.9650088850976316,726.7045433227217
milk,5,6,8.204931984928466,24,1009.8045558281019,1075.6759830315423,1238.026813012241,0.8001079069848963,499.6144306079967
milk,5,7,22.493483693674825,24,1009.8045558281019,1170.939668013742,1236.8355508291347,0.0926638363342579,55.48247458901322
milk,5,8,16.996130127486758,24,1009.8045558281019,911.9104945721172,983.1361686979551,0.4040522166881032,354.5695201252391
milk,5,9,14.901972426419452,24,1009.8045558281019,945.1651468813312,1023.6584056271488,0.5107297936127806,346.567948268997
milk,5,10,23.253068526856595,24,1009.8045558281019,1020.3903727062819,1175.5752044073463,0.04631809024214051,24.328407069901246
milk,5,11,0.5900859950112363,24,1009.8045558281019,942.5669815462768,966.9100176494081,0.9961447184637955,909.3861285562539
milk,5,12,18.489778027387036,24,1009.8045558281019,864.9635699444591,863.9812472873831,0.3237914097280613,280.8848328195911
milk,5,13,23.930988003785068,24,1009.8045558281019,1029.8339688125388,1006.5212739428912,0.004310147588570734,3.653104300361319
milk,5,14,19.075429169998305,24,1009.8045558281019,980.3866069151527,947.4087368562543,0.2914106607864694,250.43172819742654
milk,5,15,16.331983249793115,24,1009.8045558281019,961.053626732523,920.9182056622091,0.4386399190005177,421.40074821675285
milk,5,16,3.6253894027416056,24,1009.8045558281019,970.1980663760127,1013.9407620054875,0.9412895878919799,782.9832236754734
milk,5,17,15.324622743938054,24,1009.8045558281019,1128.7097437768482,1119.6492878223885,0.48976784389758654,325.31831661907796
milk,5,18,9.824016151561032,24,1009.8045558281019,922.123971466385,966.7527105501526,0.7381113124764453,610.8643792817151
milk,5,19,0.7472179892282726,24,1009.8045558281019,1001.1411820308606,972.4189124577184,0.9945064369175306,934.6492986996739
milk,5,20,11.357037760597372,24,1009.8045558281019,999.3983751432158,1035.812279429192,0.6744777024931514,543.1905242676381
milk,5,21,18.6383244670018,24,1009.8045558281019,1000.1732894833846,1037.0419941307796,0.31562609868304004,276.67714601130297
milk,5,22,15.02928771915397,24,1009.8045558281019,1174.628789481182,1205.289418931874,0.5044462860085124,330.9482141845164
milk,5,23,14.799607548497713,24,1009.8045558281019,804.1576877156014,838.0004909335563,0.515762480748182,482.31234962040236
milk,6,0,3.0044590128612105,24,1009.8045558281019,1063.7638711784634,1023.0544989406974,0.9557072583775139,816.2401451691849
milk,6,1,11.798269121794485,24,1009.8045558281019,1025.384686440763,994.6769505198494,0.6553243645632822,565.2856555098818
milk,6,2,19.141418415292517,24,1009.8045558281019,944.4599654115343,922.642317285828,0.2877305581061149,229.86608593747582
milk,6,3,1.738725307069413,24,1009.8045558281019,958.4539284088045,911.6450072008793,0.9805002249934067,860.3532369390567
milk,6,4,6.999901889023278,24,1009.8045558281019,982.1457706982943,991.9692465301242,0.8424853085260513,670.0332973999731
milk,6,5,0.9508518083605715,24,1009.8045558281019,1162.5335940589525,1195.0672116508665,0.9921140795347982,644.2756705780821
milk,6,6,23.679902238411515,24,1009.8045558281019,886.6513267977897,950.1576852942135,0.01993925366179561,17.333210806345996
milk,6,7,16.859159293058497,24,1009.8045558281019,937.2898888522961,1043.2009569970178,0.4112417461769766,277.85484894088876
milk,6,8,12.425079441233073,24,1009.8045558281019,871.5688753696768,942.0881614418846,0.6274951783008942,564.3522430237481
milk,6,9,1.8858839317204978,24,1009.8045558281019,885.0483306806436,928.1080047222854,0.9779729885397734,780.4324386604698
milk,6,10,16.54715925929438,24,1009.8045558281019,880.0152738421895,974.5548688150357,0.4275094692314032,349.57645040936194
milk,6,11,2.509628168025606,24,1009.8045558281019,974.2135521620652,941.8192546927503,0.9661859486548577,925.6868694930843
milk,6,12,22.469093909848556,24,1009.8045558281019,1101.614915598812,1050.0137466454905,0.0941391791445032,73.94569633870614
milk,6,13,20.903258969906055,24,1009.8045558281019,930.7096354574791,950.1670994421504,0.18716173717361317,142.3798751925679
milk,6,14,19.555802729916294,24,1009.8045558281019,1148.3614280889396,1129.924507471845,0.2644764053340638,189.6334943741152
milk,6,15,19.61514647909985,24,1009.8045558281019,1034.566283309454,1039.4900300805778,0.26112585315726256,173.50510495357048
milk,6,16,17.558148522127965,24,1009.8045558281019,1043.2555471547123,1046.0100194028369,0.3742494860927309,279.5100221414921
milk,6,17,3.82907232271652,24,1009.8045558281019,803.2669599784373,782.9525983379325,0.9362729974808688,943.4433065818795
milk,6,18,8.085499002506564,24,1009.8045558281019,993.5036969350643,1040.7810860249901,0.8044565022696107,684.0356230783614
milk,6,19,11.956697194875336,24,1009.8045558281019,1027.7868901474048,1044.0986672498307,0.6483586136064254,443.6610767234355
milk,6,20,23.912013985361806,24,1009.8045558281019,1088.1264018144743,1058.5788452899787,0.005494082766791197,4.159095546493035
milk,6,21,16.32547781835099,24,1009.8045558281019,1155.5584880196034,1120.838860907764,0.43897529093133825,344.03869644570847
milk,6,22,11.102950961743591,24,1009.8045558281019,793.3859586213175,774.1608592424295,0.6853405567146582,698.6908539476286
milk,6,23,10.211840026753809,24,1009.8045558281019,1158.06893742453,1186.1760257357366,0.7224513357405822,501.8962162567632
tilapia,0,0,15.606566930204075,18,1845.9349925469628,2061.409781156509,1966.6074400478803,0.192667731694936,102.35941701579699
tilapia,0,1,8.76004094564465,18,1845.9349925469628,1840.4524549605337,1881.9100563715042,0.6604916604923216,394.3956649892733
tilapia,0,2,4.982900350230929,18,1845.9349925469628,2222.2714635524558,2204.87572851221,0.8543486395554792,443.4741787606295
tilapia,0,3,11.21339850414269,18,1845.9349925469628,2112.606113618763,2051.480430777993,0.508303488498515,270.88610461769207
tilapia,0,4,12.884849364277594,18,1845.9349925469628,2026.995473337404,1952.3144098895773,0.39436598255557476,227.41702230920356
tilapia,0,5,17.485111692749513,18,1845.9349925469628,1805.0479667565867,1757.6732779858019,0.04259903991959546,29.86748243210542
tilapia,0,6,4.450159339257187,18,1845.9349925469628,1911.8856309481982,2101.4501699603347,0.8770709333269587,397.40372729399826
tilapia,0,7,6.466200649195782,18,1845.9349925469628,1950.2762326011957,2148.482628513218,0.7846896000831862,422.3534545153789
tilapia,0,8,17.449421802035175,18,1845.9349925469628,1690.453341818193,1839.2453021612116,0.045528854776053396,28.10287971246635
tilapia,0,9,13.922516262358812,18,1845.9349925469628,1839.2400158918047,1987.7971002851093,0.3197511079285831,161.685080521316
tilapia,0,10,4.248908340236351,18,1845.9349925469628,1950.6283887102652,2135.7758900137287,0.8853148238754485,384.1772156167021
tilapia,0,11,6.066057175763153,18,1845.9349925469628,1521.1938272909683,1524.2018281394264,0.8043630013454127,547.6867606420853
tilapia,0,12,11.108609758872541,18,1845.9349925469628,1926.5638337854964,1878.152034347581,0.5151796865548669,327.8754531064365
tilapia,0,13,0.6600856848037735,18,1845.9349925469628,1730.2634023395922,1672.7527717698647,0.9929775005495132,705.3043796165533
tilapia,0,14,15.195068081445548,18,1845.9349925469628,2028.2121840054501,2023.0667873152724,0.2243867533509133,126.73797987313152
tilapia,0,15,3.7051417806618288,18,1845.9349925469628,2008.9416790789485,2082.9252315420345,0.906610405580894,500.9457515080838
tilapia,0,16,9.561051504018575,18,1845.9349925469628,1585.0492711044799,1514.8453555126573,0.6128763277176401,424.42556664361973
tilapia,0,17,8.139582509101835,18,1845.9349925469628,1729.745728015367,1664.3803518253153,0.6959153924557144,521.3362223851751
tilapia,0,18,0.7483114629070577,18,1845.9349925469628,1895.4723537627403,1896.8436917481013,0.9915235337087727,638.567589293961
tilapia,0,19,0.08891965681937308,18,1845.9349925469628,1966.6408101844022,2058.112951183492,0.999652793450237,462.8967004046993
tilapia,0,20,8.185317401409463,18,1845.9349925469628,2096.741626349357,2173.884586670916,0.6933488982627107,374.88726321725187
tilapia,0,21,2.5137225856136323,18,1845.9349925469628,1845.4970312710693,1876.291780463728,0.9478124074226587,558.9505679615197
tilapia,0,22,3.6333621382130703,18,1845.9349925469628,1576.0415395813206,1608.300078023935,0.909311071277951,573.4631368040594
tilapia,0,23,12.106838128052273,18,1845.9349925469628,2179.2185182990493,2090.7206102570804,0.44838337590181543,237.8862476407984
tilapia,1,0,12.46726714007096,18,1845.9349925469628,2026.7447771544312,1961.3112793503592,0.42356792280776256,230.65397584745733
tilapia,1,1,8.949145752151692,18,1845.9349925469628,2233.6315055717573,2274.5623625039234,0.6494389876312308,318.90203928202027
tilapia,1,2,0.5469670745430635,18,1845.9349925469628,2098.5501061469904,2113.3679152773834,0.9947029628529063,511.60377311567555
tilapia,1,3,3.882152743158909,18,1845.9349925469628,2119.0380155704047,2156.4418730423076,0.8998386497827183,489.4209541451495
tilapia,1,4,1.918674545543833,18,1845.9349925469628,1843.9498953097323,1871.8364985280364,0.9651988806215307,592.2134586281701
tilapia,1,5,17.58913531598371,18,1845.9349925469628,2189.5059241252293,2090.586682388902,0.034042592241245284,17.985168517290575
tilapia,1,6,10.20629269776002,18,1845.9349925469628,2013.0599946657153,2276.8964754458098,0.5730340216893028,246.21217867203742
tilapia,1,7,5.886596908138296,18,1845.9349925469628,2153.5783604252324,2346.2276502854934,0.8129801564613576,369.7260905943256
tilapia,1,8,14.36064567945542,18,1845.9349925469628,2084.001603698325,2352.5280546332347,0.28738954002015615,127.35473454723716
tilapia,1,9,9.800803763295292,18,1845.9349925469628,1995.895979146564,2112.103022937992,0.5982241923643623,291.861003285718
tilapia,1,10,7.131108448966597,18,1845.9349925469628,1575.9287837413756,1710.3724799129045,0.7506399914654664,434.17353638744413
tilapia,1,11,4.275794355737895,18,1845.9349925469628,1853.9719674142139,1844.4599088734735,0.8842245555651196,557.6851795367866
tilapia,1,12,10.862074680864803,18,1845.9349925469628,1651.9370667494024,1581.4317193727377,0.5312293429632515,373.03710511008273
tilapia,1,13,6.8361440432261364,18,1845.9349925469628,1976.4345701067982,1969.219406722063,0.7659503209176269,440.8066528066295
tilapia,1,14,0.4615571845158424,18,1845.9349925469628,1991.4080506500463,1987.2623130012892,0.9958939000602498,594.722585780996
tilapia,1,15,10.443102646091981,18,1845.9349925469628,1723.0869177068557,1705.6532034462048,0.558088236492004,355.34724477642874
tilapia,1,16,14.633743296889683,18,1845.9349925469628,1918.4979408959816,1969.3157400806201,0.2669655405805509,148.2146330853819
tilapia,1,17,3.5240037423038295,18,1845.9349925469628,2189.7280869634137,2084.234122453674,0.9133744941380202,492.6774389427272
tilapia,1,18,4.382681338373387,18,1845.9349925469628,1737.7588968699513,1806.9270096363384,0.8798562774154655,472.19147049144095
tilapia,1,19,6.329208370313419,18,1845.9349925469628,1739.2773581400777,1814.8378326383947,0.7914955477625059,536.7691192920535
tilapia,1,20,5.127712235314611,18,1845.9349925469628,1691.584492545358,1650.4411939185934,0.8479534012379344,527.946579189217
tilapia,1,21,5.603538584808065,18,1845.9349925469628,1936.1310579098501,1943.7131943136862,0.8263060096761289,438.08181204612646
tilapia,1,22,7.443883827456327,18,1845.9349925469628,2009.010210194594,1963.3301397866412,0.734055739235149,417.772158885703
tilapia,1,23,3.265890258521285,18,1845.9349925469628,1543.1199442564073,1571.0686015278357,0.9227152825744793,613.7291815851707
tilapia,2,0,10.211619953320264,18,1845.9349925469628,1971.5733410683958,1894.0662432498775,0.5726996906453137,334.3936423324593
tilapia,2,1,14.507865895952847,18,1845.9349925469628,1999.9395058461448,1996.6487347293476,0.27640336075171235,138.78559787530745
tilapia,2,2,17.125260159719826,18,1845.9349925469628,1609.0887955121775,1630.5140341697152,0.07200206654816976,50.8560780815763
tilapia,2,3,4.1054358950807845,18,1845.9349925469628,2063.8015134511606,2143.094101504777,0.8910743512841662,446.924201805381
tilapia,2,4,15.117503451600966,18,1845.9349925469628,1797.5453051222887,1781.5522694834383,0.23031795240984065,133.92821364865793
tilapia,2,5,14.049459274389513,18,1845.9349925469628,1905.9517813585503,1855.8005786735037,0.3104263514335096,203.76947870476025
tilapia,2,6,12.015898187246469,18,1845.9349925469628,1933.4073076742147,2110.5290864955737,0.4545868532160383,211.0558370844911
tilapia,2,7,10.558952337158534,18,1845.9349925469628,1759.654249903651,1926.2837318938134,0.5507144131547091,277.10835467607484
tilapia,2,8,3.9013164016339617,18,1845.9349925469628,1845.8364970727653,2104.083196323711,0.8990960882963087,404.79419123885776
tilapia,2,9,10.927692649598054,18,1845.9349925469628,1454.208474458487,1622.339499402716,0.5269751575105486,334.71727567450716
tilapia,2,10,10.700574033351115,18,1845.9349925469628,1713.3462237827996,1864.12010816629,0.5416451232499131,324.77285303843195
tilapia,2,11,12.512601972856688,18,1845.9349925469628,2114.692795893419,2037.8109722792683,0.4204209387603516,220.16417930267986
tilapia,2,12,12.463850723838654,18,1845.9349925469628,1771.6099615315438,1810.1597984562472,0.423804846862082,254.36524837885926
tilapia,2,13,13.03809870831734,18,1845.9349925469628,1801.2934057732282,1729.9819379758728,0.3835290170657618,278.4515679969365
tilapia,2,14,1.5418484927357496,18,1845.9349925469628,1747.8483061558775,1674.3371918044204,0.9749300312163592,672.2219317288146
tilapia,2,15,4.079815240085784,18,1845.9349925469628,1807.3744941562659,1775.4511207987587,0.8920924117173865,616.3130112248091
tilapia,2,16,1.2170261446598682,18,1845.9349925469628,1560.871907087801,1563.8468963061698,0.9824190999713839,695.7284075012191
tilapia,2,17,15.841423576106248,18,1845.9349925469628,1800.4992364855823,1807.703378655157,0.17437553770733127,115.52094834582131
tilapia,2,18,5.9940344350475625,18,1845.9349925469628,1920.4390790324176,1886.7034464939986,0.8078368572931124,489.67571881073957
tilapia,2,19,10.04010151266045,18,1845.9349925469628,2191.427957050884,2226.893849569123,0.5834200167892203,281.80333235840357
tilapia,2,20,10.121342685802377,18,1845.9349925469628,1910.9308530586409,1826.8770962108151,0.5783535614942148,372.2308342910274
tilapia,2,21,3.6168063958630166,18,1845.9349925469628,1818.6161968822726,1853.1707940756035,0.9099302130691985,605.9997464522113
tilapia,2,22,13.61093992011443,18,1845.9349925469628,1634.2089492360906,1626.0985232251824,0.3424581218380923,241.8435600731637
tilapia,2,23,16.68920075063015,18,1845.9349925469628,1878.2011750011598,1933.6926213520912,0.1072197990285787,57.94133478583199
tilapia,3,0,17.864703038850752,18,1845.9349925469628,1695.170522996185,1636.2491101494072,0.011253533493345125,7.337105392332074
tilapia,3,1,9.377243590896759,18,1845.9349925469628,2027.5953687840345,2096.9458811487925,0.623985979402172,352.3840620895545
tilapia,3,2,2.298842705434227,18,1845.9349925469628,1658.402334406103,1700.7364405317765,0.9543590025601615,652.8589464480965
tilapia,3,3,0.6508868494457181,18,1845.9349925469628,2132.6817334567113,2177.2003338399504,0.9931237843567742,518.3267950005717
tilapia,3,4,1.5775694417490937,18,1845.9349925469628,1647.234169972566,1624.1953610977625,0.9740537875305808,651.9169140056248
tilapia,3,5,7.145667307337101,18,1845.9349925469628,2039.6525708256281,1999.9862868526832,0.7498759624095606,452.0483835048758
tilapia,3,6,16.54905551785951,18,1845.9349925469628,1881.561797431776,2072.9631765124795,0.11844165336388457,59.62828530717419
tilapia,3,7,3.7531892584320445,18,1845.9349925469628,2117.1959413076065,2410.7594398017004,0.9047879448679773,364.33201519208114
tilapia,3,8,6.851219282578441,18,1845.9349925469628,1774.160452333759,2013.5292365922296,0.7651756957633542,456.54529070205734
tilapia,3,9,14.220547853527105,18,1845.9349925469628,2204.708757513209,2499.372038230886,0.2977920620690526,127.62493141948578
tilapia,3,10,3.123441269757156,18,1845.9349925469628,1550.8123055204628,1689.3429874809672,0.9277161528653525,592.1828038695027
tilapia,3,11,11.537497392215975,18,1845.9349925469628,1829.3584117482815,1916.364563913919,0.48683306435968166,292.4056651934747
tilapia,3,12,16.6096294292411,18,1845.9349925469628,1748.3649521382888,1811.658295435483,0.11359712268814082,75.43521986449099
tilapia,3,13,3.147095290687426,18,1845.9349925469628,1899.8469685241478,1950.1567782722518,0.9268934849212628,514.9407144208744
tilapia,3,14,6.615619601247566,18,1845.9349925469628,1790.7351148512357,1727.4100638752639,0.7771836630356326,507.22073989747474
tilapia,3,15,17.33607200860513,18,1845.9349925469628,1446.592960430048,1393.8163726464275,0.054813966437952666,41.21219246361904
tilapia,3,16,5.612690395534672,18,1845.9349925469628,2124.7392413094494,2110.396800631088,0.8258803152589285,417.36251757003066
tilapia,3,17,11.534873664423712,18,1845.9349925469628,1814.6640941768944,1743.105480323282,0.48700810237998216,314.6242012044223
tilapia,3,18,2.736447356315666,18,1845.9349925469628,1803.5643572729161,1830.6540909401929,0.9407249554894357,527.9276309188913
tilapia,3,19,1.0469483190985642,18,1845.9349925469628,1825.8309713561216,1818.491208224385,0.9859725377606606,533.2401992992134
tilapia,3,20,17.706220654741443,18,1845.9349925469628,1759.5028917742204,1793.8193966916676,0.02438144714999202,17.00438997385108
tilapia,3,21,5.45895265621672,18,1845.9349925469628,1561.862838950211,1502.7283596119116,0.8329850937585159,600.4325345280911
tilapia,3,22,9.169598306696216,18,1845.9349925469628,1796.5705381875694,1717.9331722073107,0.6364059993286497,376.24877333993527
tilapia,3,23,5.51256517415901,18,1845.9349925469628,2220.4518225246793,2246.035743685711,0.8305186760341559,433.71473137815696
tilapia,4,0,2.3527867813235908,18,1845.9349925469628,1907.0218287260677,1892.925768683405,0.9527431140794991,571.1550028741068
tilapia,4,1,6.619668315791213,18,1845.9349925469628,1958.7058003903526,1898.8913346498223,0.7769790886025931,494.36436327568606
tilapia,4,2,13.847488085544116,18,1845.9349925469628,1992.5018129744803,2039.0495206550308,0.3252424656861713,166.11021187101886
tilapia,4,3,0.34546098281502036,18,1845.9349925469628,1623.522598782139,1620.4937796401887,0.997341175030321,619.7594914583475
tilapia,4,4,9.63558236614665,18,1845.9349925469628,1894.4803103321353,1825.7314586014306,0.608340924366332,346.9762551081967
tilapia,4,5,17.56572758838097,18,1845.9349925469628,1486.002463969053,1447.5449368011848,0.035970203502230236,26.865898403103746
tilapia,4,6,1.975251576195063,18,1845.9349925469628,2227.111672049973,2446.8472951955923,0.9636482880910596,417.68130642099084
tilapia,4,7,1.7654864541164026,18,1845.9349925469628,1838.133731209428,2091.574284960473,0.9692823613687985,496.0781033973618
tilapia,4,8,13.272427392980394,18,1845.9349925469628,1648.2533132094693,1781.2910112476443,0.36683517543975097,229.67272264042302
tilapia,4,9,8.27004183130776,18,1845.9349925469628,1768.6802083777025,1925.0180802786433,0.6885754814007627,388.21965018820066
tilapia,4,10,14.164260952595312,18,1845.9349925469628,2180.6653122173634,2507.954424633034,0.3019570884524011,125.02118137068547
tilapia,4,11,4.584071196828921,18,1845.9349925469628,1878.1245708858164,1866.405660300008,0.8714807230232592,490.0782155018923
tilapia,4,12,8.306594363245214,18,1845.9349925469628,1698.7437915743774,1766.9928605574378,0.6865085165856795,471.44853257599436
tilapia,4,13,11.460054279009732,18,1845.9349925469628,1987.2566146546865,2065.7766490333343,0.4919911779675096,262.87174371482377
tilapia,4,14,2.7030420147067495,18,1845.9349925469628,1642.5497937218013,1645.5734029866935,0.9418070415552581,667.7397875925211
tilapia,4,15,0.7501122108429168,18,1845.9349925469628,1940.682117119262,1975.658599931039,0.991492918465411,578.3065636788141
tilapia,4,16,1.2826210997746548,18,1845.9349925469628,1802.4932526954608,1725.3617429869519,0.9809787605671266,573.9821270126248
tilapia,4,17,6.358525353037155,18,1845.9349925469628,1893.9454076567838,1938.9281943245321,0.7900451781039681,383.0342391475396
tilapia,4,18,11.90467099926746,18,1845.9349925469628,1690.9740807631122,1737.4172810048562,0.4621423639107358,284.16869269853373
tilapia,4,19,11.885448954624087,18,1845.9349925469628,1560.604065087638,1497.9295269262227,0.46344452702530325,330.9815755390383
tilapia,4,20,1.4790900145756922,18,1845.9349925469628,1806.5455878387763,1720.0021111406224,0.97644499775111,680.3532680242167
tilapia,4,21,11.243944239376749,18,1845.9349925469628,1894.7844269390566,1945.7964097285774,0.506293020166209,318.3703302534293
tilapia,4,22,11.0702334246996,18,1845.9349925469628,1643.21239343466,1580.9981404343448,0.5176898406421684,364.38339930805586
tilapia,4,23,0.7551220217694528,18,1845.9349925469628,2031.3947712654149,2037.5503307694676,0.9914075513351822,560.073530066209
tilapia,5,0,17.639465928459312,18,1845.9349925469628,2199.8167308230504,2154.2413758307443,0.029893554532846922,16.439146288042725
tilapia,5,1,14.611856185622475,18,1845.9349925469628,1930.1224694093019,1978.0036311767767,0.2686094814907173,150.99416325943264
tilapia,5,2,16.705505525868894,18,1845.9349925469628,1691.3060793984894,1663.9521643637108,0.10591115619963609,74.85081819121413
tilapia,5,3,7.90928981450014,18,1845.9349925469628,1677.3742174575166,1665.9809689256413,0.7087288460333394,450.78640315970944
tilapia,5,4,2.187024773416525,18,1845.9349925469628,2138.5398998352375,2083.086001628811,0.9576482075044619,502.22391241931166
tilapia,5,5,5.146322206304882,18,1845.9349925469628,1935.551806374834,1963.774244557211,0.8471249181471219,427.93278155571915
tilapia,5,6,16.54067760551198,18,1845.9349925469628,2175.343589673564,2475.7946006349066,0.11911099824583815,50.87028600099698
tilapia,5,7,15.155973952021107,18,1845.9349925469628,1888.7042854738688,2069.3764997546746,0.22737809365852268,108.03445808304575
tilapia,5,8,3.193717850454724,18,1845.9349925469628,2090.3779669618943,2335.3238627826513,0.9252629311803988,422.6199068477565
tilapia,5,9,0.77712724434621,18,1845.9349925469628,2133.3760460480535,2449.356105281004,0.9910292357369903,394.79011995258287
tilapia,5,10,14.720135937425011,18,1845.9349925469628,1531.9191859724594,1723.1912301422942,0.2604645902703183,156.16056595141748
tilapia,5,11,13.19042780579251,18,1845.9349925469628,1743.2225129086696,1802.6146317731973,0.372693822638102,213.4238078095419
tilapia,5,12,5.35587212373877,18,1845.9349925469628,1911.9838577000326,1913.5823807745796,0.8376932650692104,484.6730056060276
tilapia,5,13,11.453244371626464,18,1845.9349925469628,1975.9015365679609,2049.666468876501,0.49244392177123186,260.761872723551
tilapia,5,14,0.16796915688767933,18,1845.9349925469628,1744.2609685917753,1737.5555889014101,0.9990985626350403,687.5178284637909
tilapia,5,15,1.7852057925698863,18,1845.9349925469628,1871.4683993604258,1963.5090776045581,0.9687662828262047,497.00432754408797
tilapia,5,16,9.991529087441153,18,1845.9349925469628,1972.4676192107697,1914.0896064972933,0.5864393798457082,326.41023236570294
tilapia,5,17,6.396922236343309,18,1845.9349925469628,1999.2064214066104,1936.8361260189213,0.7881405457175445,471.3422453322457
tilapia,5,18,13.697833680505688,18,1845.9349925469628,1982.4412456097714,1884.3559234878899,0.33615135157959064,210.80932520265313
tilapia,5,19,17.245322642148842,18,1845.9349925469628,1797.8133573345965,1744.3249150344323,0.06222591220331031,35.362026567891625
tilapia,5,20,5.500875878823868,18,1845.9349925469628,1703.869900989954,1644.0449926983092,0.8310574633096074,557.044234641326
tilapia,5,21,8.074991357181766,18,1845.9349925469628,2280.555099852889,2250.522362672426,0.6995277690193549,352.72135226792994
tilapia,5,22,7.047462567200928,18,1845.9349925469628,2151.2871470008595,2171.303655024588,0.7550144838908576,384.4438681157934
tilapia,5,23,11.152608074277133,18,1845.9349925469628,1920.1125000608497,1824.7248178753139,0.5122964654969626,304.9532291643295
tilapia,6,0,10.587640805071029,18,1845.9349925469628,1950.7969980971961,1871.3977342941466,0.548882119697842,311.03400148268963
tilapia,6,1,10.439708173706363,18,1845.9349925469628,1917.427599123726,1833.9914263639419,0.558303680420789,336.14911747938424
tilapia,6,2,12.17642287007452,18,1845.9349925469628,1902.6397630056608,1922.3297379503697,0.44362087709022824,256.41289972015005
tilapia,6,3,8.968602280742164,18,1845.9349925469628,1823.2888536074763,1882.5547502527756,0.6482951232115188,409.09682653340917
tilapia,6,4,14.128145588006415,18,1845.9349925469628,1466.0034864508705,1441.7027661797172,0.3046251412685752,221.21092758847058
tilapia,6,5,7.92358196319883,18,1845.9349925469628,2089.0761335861735,2092.683770952345,0.7079389955973664,378.62001682851366
tilapia,6,6,1.5948077342331102,18,1845.9349925469628,1627.3440668999724,1778.267422361373,0.9736273517645175,557.1626666656687
tilapia,6,7,17.970255205073094,18,1845.9349925469628,1794.144333527653,2020.0682673941283,0.0024777086088968447,1.2088591120558223
tilapia,6,8,11.451192564748188,18,1845.9349925469628,2091.6234750527938,2282.6666863100886,0.49258030588775437,247.00648456532753
tilapia,6,9,15.11644114144111,18,1845.9349925469628,1727.9609324132646,1883.6321342659007,0.23039907956461636,144.62287955448969
tilapia,6,10,3.3205725564055086,18,1845.9349925469628,1841.924367208045,2043.899901620149,0.9207661600746883,464.3904281405245
tilapia,6,11,0.4354517500443944,18,1845.9349925469628,1705.9547584886902,1625.1260605219572,0.996237285190165,676.0296351902699
tilapia,6,12,5.377060324597915,18,1845.9349925469628,1834.3874642154153,1837.7038104311118,0.8367291681116839,547.2944545464256
tilapia,6,13,15.709144508722833,18,1845.9349925469628,1863.583056492412,1850.4740193004727,0.18469511483977785,122.76099694644333
tilapia,6,14,8.247363961282067,18,1845.9349925469628,1786.4537818627978,1840.5196103968,0.6898555718301387,451.4381724666524
tilapia,6,15,13.102907525527772,18,1845.9349925469628,1637.3670454389915,1568.696119410883,0.37892684726643866,275.33462102350046
tilapia,6,16,13.779232181839976,18,1845.9349925469628,1809.682397969179,1851.2160981273119,0.33022525218833576,197.21741991247035
tilapia,6,17,13.524751548522822,18,1845.9349925469628,1776.8847750962047,1712.0913971460284,0.3486938394942949,210.47194294833426
tilapia,6,18,1.0269849807225777,18,1845.9349925469628,2164.682738009694,2071.3758238746223,0.9863718350733386,527.8644424112645
tilapia,6,19,16.31258244937866,18,1845.9349925469628,1639.3071856485756,1597.8292383683051,0.13726916205391637,93.18568854620499
tilapia,6,20,8.09531716410972,18,1845.9349925469628,1633.5068633989142,1675.879747600264,0.6983925636829751,443.84732633689094
tilapia,6,21,0.6050448032990874,18,1845.9349925469628,1694.080797519593,1691.9752573061921,0.9938372784554433,707.4451725465486
tilapia,6,22,9.583572280953907,18,1845.9349925469628,1889.8620238329354,1821.6843765282554,0.6115077348710001,330.0380064063039
tilapia,6,23,0.392821141958811,18,1845.9349925469628,1730.0775212695207,1799.2517896322743,0.9967760854440426,604.0389921473222
banana,0,0,6.270945514322852,120,332.7579372351178,370.16067407971093,386.33012377964377,0.9880538580208118,1113.8052442331623
banana,0,1,117.7556508596696,120,332.7579372351178,303.7995474684933,310.8118779392319,0.027922777909286878,35.24401436439717
banana,0,2,67.83963054859319,120,332.7579372351178,331.1960314059291,321.1971448157261,0.5749369617888591,679.879914673038
banana,0,3,41.94076465041825,120,332.7579372351178,377.1367494890289,381.22971177459436,0.7933751044197074,816.1732073448761
banana,0,4,30.115999360835758,120,332.7579372351178,274.9473433390595,267.395005302047,0.8742743036201535,1193.8469371295153
banana,0,5,13.772264624306096,120,332.7579372351178,362.63227586807005,363.4805058107015,0.9611191125482235,1129.6589084568118
banana,0,6,84.94021166757224,120,332.7579372351178,380.5708890689164,400.52936602853094,0.40447754846132467,429.28645641290933
banana,0,7,58.163554455605635,120,332.7579372351178,293.5366214236392,321.5438517978699,0.6625538019122541,829.2032568284227
banana,0,8,80.282680479493,120,332.7579372351178,352.03345054958504,400.7891297438117,0.45278130335899935,406.265001986354
banana,0,9,65.45182432882865,120,332.7579372351178,321.506853813663,358.99682968266416,0.5971802412268068,656.8728188712074
banana,0,10,55.10878531163497,120,332.7579372351178,304.765358275238,345.51382700286933,0.6887858113707954,720.0316867204261
banana,0,11,31.034500186564653,120,332.7579372351178,328.9574660654584,319.1336047150662,0.8684789510109276,987.9280382221518
banana,0,12,62.32630314047248,120,332.7579372351178,294.63101819729184,302.19571395176484,0.6256867656882865,771.0394460657753
banana,0,13,104.46941100552083,120,332.7579372351178,348.60885971208404,361.84141947428907,0.1877086094340048,192.79021622956
banana,0,14,92.64149715719884,120,332.7579372351178,310.76105153068085,325.832641083065,0.3216771009291324,373.4217547292641
banana,0,15,109.10642470338722,120,332.7579372351178,261.99030262523655,261.0453396748153,0.13303090193301004,182.45033776890273
banana,0,16,78.81361256691528,120,332.7579372351178,335.11354145699255,321.8924308964468,0.46773245865694746,584.2336606206545
banana,0,17,115.73719846809739,120,332.7579372351178,341.48804428844653,350.8998594839674,0.05280896390545431,63.962952373136325
banana,0,18,95.14253028406073,120,332.7579372351178,315.2340790301478,308.5239420557793,0.2940236108182941,357.95881018598953
banana,0,19,47.516456719494585,120,332.7579372351178,351.5654027394103,362.0390338901238,0.7508308888348019,838.934840723248
banana,0,20,83.5078941802563,120,332.7579372351178,363.95375131733505,351.50488878242726,0.41947700223899353,515.9268737219791
banana,0,21,108.73719057189197,120,332.7579372351178,332.9098645683808,344.8007143757898,0.1374281260159952,168.45011564428478
banana,0,22,24.241880208298795,120,332.7579372351178,364.0255537917049,350.9465352944023,0.9092017282694117,983.3574302966883
banana,0,23,18.252513986672746,120,332.7579372351178,348.5896118643925,353.968089957245,0.9406784942973301,985.8193428508738
banana,1,0,105.88996420888064,120,332.7579372351178,340.1588915948193,325.9900520788747,0.17108436151771877,207.0547582483471
banana,1,1,50.131317513011965,120,332.7579372351178,353.51457436611474,370.0281810229577,0.7299825641609613,834.63503516373
banana,1,2,19.914587435494198,120,332.7579372351178,383.36229077785896,388.52507955951916,0.9323940217335146,1048.9610795425453
banana,1,3,1.5129023970910849,120,332.7579372351178,350.384403349551,338.5495886909194,0.9985843871461197,1265.7944480429755
banana,1,4,106.83096636213625,120,332.7579372351178,339.5026944996506,346.94980908390943,0.16001048268307627,186.27523380255056
banana,1,5,102.98124637885968,120,332.7579372351178,325.93250960140733,315.7442486482373,0.20500326216014475,237.300720198144
banana,1,6,37.722013582049804,120,332.7579372351178,358.3243209291508,402.44361490722963,0.8237535282879211,862.0568771279403
banana,1,7,42.93579183905302,120,332.7579372351178,362.7621351301033,397.41287379788326,0.7859785283394497,771.2588447285668
banana,1,8,20.851391176289255,120,332.7579372351178,365.1031000437796,394.99514424376974,0.927567965394229,921.9376086522682
banana,1,9,28.78489353071337,120,332.7579372351178,380.7892111659549,402.1401089351006,0.8825169880684746,903.0272384811016
banana,1,10,89.85916043559678,120,332.7579372351178,294.8379392975795,322.71150756989374,0.35200498354543275,403.97721631360946
banana,1,11,100.97370637017119,120,332.7579372351178,355.25396133870834,350.0095228377325,0.22813636966361173,268.0797785025925
banana,1,12,15.15176898774033,120,332.7579372351178,378.4001896404113,383.476130697399,0.9551334019220351,977.5982861891898
banana,1,13,8.356937779488689,120,332.7579372351178,326.40823435563277,332.49010748390714,0.9816219730533707,1219.6772419330737
banana,1,14,100.4449350291528,120,332.7579372351178,344.32395689268026,334.9300954479925,0.23419147924703032,260.32557610616954
banana,1,15,61.51857037740635,120,332.7579372351178,331.70227714218333,338.1422958763505,0.6329396431213989,713.0736958852136
banana,1,16,36.473568148886855,120,332.7579372351178,292.2320643424675,278.5903604851413,0.8324302936952731,1136.3021892321176
banana,1,17,91.92777318423632,120,332.7579372351178,388.0463083957917,402.45076129600653,0.3295008354181769,332.42275954458785
banana,1,18,108.86340368469958,120,332.7579372351178,369.37472284459915,360.52032528972256,0.13592588746601642,159.1892368790656
banana,1,19,53.64666525677105,120,332.7579372351178,350.3601006446672,336.7307237728472,0.701088773053664,859.568310417557
banana,1,20,45.64806587644916,120,332.7579372351178,366.22460796352857,367.9329805785755,0.7653817978518079,819.0558349719165
banana,1,21,5.042961020568635,120,332.7579372351178,321.92324920731477,319.42990304591154,0.9913849748845999,1346.210593762553
banana,1,22,103.0010012158945,120,332.7579372351178,392.46192772085647,383.8292303537322,0.20477449549583437,222.19670473588397
banana,1,23,96.58881322097264,120,332.7579372351178,358.23177573096217,367.3294981003113,0.27786503119229466,286.48902127535865
banana,2,0,36.570131446336,120,332.7579372351178,342.42792440462136,350.1897721383591,0.8317643955135436,846.5873638644912
banana,2,1,13.509646849432443,120,332.7579372351178,331.43267797076385,343.7869582978925,0.9622259000093125,1190.6828250073502
banana,2,2,29.027259391060678,120,332.7579372351178,350.5418927048829,336.39873565899603,0.8810300766704224,1087.9418119777752
banana,2,3,71.80289811573105,120,332.7579372351178,297.49388613076894,291.5816491421997,0.5371491225519784,663.583163116313
banana,2,4,5.777140317402414,120,332.7579372351178,300.10021654596466,307.39844970615064,0.9894367512998442,1232.2808686958613
banana,2,5,71.18658841288611,120,332.7579372351178,397.5704260430205,404.24184398325417,0.543095536169808,575.5774663595984
banana,2,6,28.741220389144573,120,332.7579372351178,324.98897381389634,342.4365294036892,0.8827842587577328,1108.9676370827383
banana,2,7,119.4525019429572,120,332.7579372351178,303.17315240026704,336.25199665587434,0.006835913670051652,8.586861695435665
banana,2,8,99.76482172628518,120,332.7579372351178,358.72324350739035,377.37703153911997,0.24195623987718196,273.77584207383524
banana,2,9,109.15521833239109,120,332.7579372351178,300.1439322653646,316.74918561655556,0.13244925931427687,169.8826744899071
banana,2,10,68.61268224579867,120,332.7579372351178,378.00270691457274,431.56103312475256,0.5676507330696425,528.1378854450809
banana,2,11,52.151515303045414,120,332.7579372351178,326.9495363577546,320.96461353271474,0.7134974257486245,890.0658412390682
banana,2,12,53.205601725502525,120,332.7579372351178,361.71714365306667,375.91538397904384,0.7047674961954464,787.7335787588644
banana,2,13,84.31605277026196,120,332.7579372351178,353.27375580001046,356.5131758924263,0.4110295152531316,469.6855291831446
banana,2,14,46.14135931737751,120,332.7579372351178,316.4531470700048,303.92871640164975,0.7615684577944092,947.3956589880885
banana,2,15,72.07812798580271,120,332.7579372351178,347.095827642022,362.73357249960594,0.5344853223087653,584.5533144251114
banana,2,16,8.51186593605281,120,332.7579372351178,349.62549814202094,354.31411701930125,0.981108550004285,1159.436317186194
banana,2,17,5.477849460286048,120,332.7579372351178,303.29889260256255,302.4646191059889,0.9902468866758815,1241.8488883713271
banana,2,18,39.76164085236609,120,332.7579372351178,288.1249820458743,301.71101685586507,0.8092675540227395,993.6755651366423
banana,2,19,33.681985861916914,120,332.7579372351178,301.3339385223269,304.67211803503136,0.8512953104089803,1107.8575671145375
banana,2,20,0.9196839179070393,120,332.7579372351178,314.81527987478404,299.2478468514071,0.999329056392749,1254.0444292578113
banana,2,21,40.66327792065019,120,332.7579372351178,270.41212252258833,259.81266374261725,0.8027433250964797,1144.9197104848904
banana,2,22,35.21865878497459,120,332.7579372351178,360.5231870399283,360.9798879333639,0.8410035783327477,986.3474986610809
banana,2,23,74.04798193413615,120,332.7579372351178,350.32336620597744,335.8582610192872,0.5152721515603252,663.7644094192931
banana,3,0,104.90670296222109,120,332.7579372351178,292.8006151397317,293.01763716132695,0.1826030966265837,229.37604221627905
banana,3,1,15.778694387757795,120,332.7579372351178,352.4933546925889,369.8648207753669,0.9523201667644914,1020.7298965178609
banana,3,2,49.32252903186549,120,332.7579372351178,307.7159222092451,305.3104507960751,0.7364905851540389,919.1185688437256
banana,3,3,37.12472614353385,120,332.7579372351178,382.99324418959645,387.12594099055366,0.8279229235136376,921.0814302671495
banana,3,4,0.1878126229767485,120,332.7579372351178,402.6759979206677,415.6098818162994,0.9999380822312279,1009.2795058695873
banana,3,5,7.142964041732602,120,332.7579372351178,295.80428434348835,288.63420207156713,0.9854773514764765,1381.7171533004437
banana,3,6,46.06066596539754,120,332.7579372351178,358.6791468790745,379.33678460709757,0.7621936482869925,813.8106155207055
banana,3,7,50.27373482249705,120,332.7579372351178,316.88772961703353,335.36632458917194,0.7288311146064514,860.0802524525915
banana,3,8,42.572555020318106,120,332.7579372351178,304.4977045649249,320.8857105967381,0.7886887086397572,1027.1031514590534
banana,3,9,43.43039890054379,120,332.7579372351178,380.470337126749,425.99501889088356,0.7822697063117963,787.0128212490866
banana,3,10,109.5944337091484,120,332.7579372351178,289.17284454031756,322.41920989015256,0.12720775990936206,160.2971755175607
banana,3,11,14.46700996844283,120,332.7579372351178,378.3951507617218,386.8701825706874,0.958140281640143,1002.5458760292047
banana,3,12,17.05645485521492,120,332.7579372351178,312.7773698428737,313.8397955152437,0.9464127729291544,1289.6321083320404
banana,3,13,58.320059255712366,120,332.7579372351178,293.2382101891426,287.22802058422974,0.6611909005067729,828.6272514648094
banana,3,14,67.03708757405104,120,332.7579372351178,291.6451289080977,280.6502036489414,0.5824573549142478,827.9851437654147
banana,3,15,101.47252355878882,120,332.7579372351178,344.48066787752975,349.7268207594419,0.22240972100159218,245.13634853713273
banana,3,16,33.045740910650224,120,332.7579372351178,338.3045537254808,344.15609332533603,0.8554888453025994,1030.7914800074768
banana,3,17,95.8056408622023,120,332.7579372351178,347.5989067155209,345.736454963511,0.2866301481988486,317.23450968957866
banana,3,18,51.71822646159555,120,332.7579372351178,392.2119116477366,408.55284187864515,0.7170605101338059,738.1007776624276
banana,3,19,72.12890001602796,120,332.7579372351178,328.611657674644,324.3782333258072,0.5339933709855313,633.4910041540181
banana,3,20,20.02322420385034,120,332.7579372351178,366.02131328813016,361.4296815840202,0.9318400683383303,1070.8574995766012
banana,3,21,41.50529528854289,120,332.7579372351178,292.9513910442066,304.3793379541384,0.7965848042703942,1027.67052515859
banana,3,22,76.4282780945692,120,332.7579372351178,265.6622544485804,269.53620483757436,0.49171271746434475,671.877235626584
banana,3,23,37.34609940760723,120,332.7579372351178,280.75800092857753,278.2207598474854,0.826381498206281,1136.5361871804173
banana,4,0,26.14710651059881,120,332.7579372351178,355.47932937431904,350.6659163049775,0.898290016251291,1058.9690065704362
banana,4,1,16.86635610940329,120,332.7579372351178,360.1974055744084,366.978994700863,0.9473061380480593,1131.3600460111113
banana,4,2,115.68208885412429,120,332.7579372351178,284.7700686230626,284.92541405323317,0.05348540741789887,73.92131432024838
banana,4,3,46.55841119362434,120,332.7579372351178,280.09666981649144,266.9588977204712,0.7583285441505963,1088.0658654715828
banana,4,4,55.022761065826884,120,332.7579372351178,265.78491860599706,272.5946900589467,0.689514230132882,933.8778165905371
banana,4,5,114.7102594746383,120,332.7579372351178,356.98761723962116,343.28425344470736,0.06538763143413673,72.64780055650684
banana,4,6,99.2048831689785,120,332.7579372351178,357.7078227489273,397.5291869672479,0.24832915450609616,234.21986744822357
banana,4,7,46.73782738829044,120,332.7579372351178,341.80209524842354,393.32018303489446,0.7569302516326193,840.4302006431398
banana,4,8,18.49740518141845,120,332.7579372351178,309.5696800169432,341.93668739189206,0.9394806373591867,1070.6104597647166
banana,4,9,100.03799543251027,120,332.7579372351178,340.54052726917024,384.4052799453808,0.23884062293422748,248.43613350495065
banana,4,10,23.35486040458463,120,332.7579372351178,309.2967093454396,332.038318605432,0.9141393751729351,1086.19705656241
banana,4,11,115.97008630396888,120,332.7579372351178,288.98214021553434,282.3427088507839,0.049948601752126676,64.23003700926802
banana,4,12,16.70360416148346,120,332.7579372351178,321.1766530111159,323.76108448741485,0.9480669994894085,1181.908208088086
banana,4,13,48.21345607851891,120,332.7579372351178,341.4945735133208,341.1154404936098,0.7453283940040494,862.1492848987568
banana,4,14,68.32528334187393,120,332.7579372351178,407.3400306727287,412.36684935091506,0.5703643675924408,602.2989622656977
banana,4,15,4.735143946907918,120,332.7579372351178,310.251301388831,306.9979362269495,0.9921615911967505,1314.695693307305
banana,4,16,115.68346165986165,120,332.7579372351178,335.40451264487507,326.2731159369009,0.053468558856496595,65.1104076289323
banana,4,17,104.3962991577222,120,332.7579372351178,383.9997802638027,385.2818260747675,0.1885611709473035,210.93286203227785
banana,4,18,95.30527950592865,120,332.7579372351178,335.03581850075926,322.4659719330527,0.2922113892662398,334.7666795299278
banana,4,19,17.855516328613877,120,332.7579372351178,353.79067854224377,369.5004739098244,0.9426033228337422,961.4209919884432
banana,4,20,103.62570270174541,120,332.7579372351178,377.9312183726382,377.30413357877876,0.197528968321097,205.57465914375453
banana,4,21,24.38677093033047,120,332.7579372351178,325.9968106538463,319.013422885029,0.9083864780585902,1155.1817409183095
banana,4,22,59.07905760014183,120,332.7579372351178,338.2616140634414,338.64301966777515,0.6545553512198344,811.7775827607114
banana,4,23,48.910105028858034,120,332.7579372351178,374.95964196258,392.98542717731686,0.739788776905367,754.206926040877
banana,5,0,114.72565723343197,120,332.7579372351178,382.69172450574433,385.5056166291076,0.06519944313953274,71.69906720316935
banana,5,1,52.697977996049794,120,332.7579372351178,276.15457618223024,285.9293978791506,0.708982531455796,927.160002552299
banana,5,2,106.01577155832729,120,332.7579372351178,397.81352348921683,380.40749485338205,0.16960667689330478,189.95565229831917
banana,5,3,111.16591280761041,120,332.7579372351178,330.34917178170656,334.5311449010474,0.10836811912814248,127.99956692283297
banana,5,4,86.72483492378741,120,332.7579372351178,298.66502165180026,304.2716224385046,0.3856111100394156,457.3532629112199
banana,5,5,43.04586305004162,120,332.7579372351178,307.6726605308629,301.50061122687157,0.7851549953388186,1070.3410189146623
banana,5,6,114.89376228457154,120,332.7579372351178,329.5881449083539,352.05865582726693,0.06314407579172032,75.97924147144207
banana,5,7,99.41631593389405,120,332.7579372351178,344.88664052263084,386.0834679858293,0.24592485005472386,221.56400233119254
banana,5,8,100.09735164008109,120,332.7579372351178,272.596458801963,306.98876740800745,0.23816308684221843,296.8420034870683
banana,5,9,92.27073385291692,120,332.7579372351178,311.39393053393064,351.21407443737473,0.32574512845279757,388.15550211596326
banana,5,10,73.632493708495,120,332.7579372351178,370.7170634675252,421.89505764813435,0.5193461842660683,495.70688843176583
banana,5,11,48.905163723891704,120,332.7579372351178,304.24546601576543,291.3956385162748,0.7398282089572675,929.3909949761176
banana,5,12,13.31977185495778,120,332.7579372351178,284.056531473775,279.7621799987063,0.963019454752167,1333.7393958855637
banana,5,13,114.61382487500417,120,332.7579372351178,400.7181031904033,383.58005011036084,0.06656594832922769,73.31173750264512
banana,5,14,60.07491216845014,120,332.7579372351178,314.16126601030317,300.86791139748186,0.6457842664956385,856.3565332255998
banana,5,15,8.74822024414842,120,332.7579372351178,374.2490130714209,357.41626593994044,0.9803162566713205,1159.6140419589942
banana,5,16,33.72053986904563,120,332.7579372351178,306.25535494960195,298.05948153634716,0.8510399156416211,1113.5534684985957
banana,5,17,108.73332025589964,120,332.7579372351178,398.40467704769793,394.62392401375376,0.13747417828193487,146.5989979233236
banana,5,18,76.85712506110127,120,332.7579372351178,318.6099356154604,309.88094727882566,0.48742864317583057,605.3082306162173
banana,5,19,77.73809351886341,120,332.7579372351178,375.9560489396682,370.61048342451437,0.4785904763976637,564.9735714110386
banana,5,20,53.92196904475705,120,332.7579372351178,343.5354815396383,343.64142619125784,0.6987848960594095,745.9976450189408
banana,5,21,81.91406654680829,120,332.7579372351178,351.1431423404583,336.10634343767515,0.43601719804908023,526.8909330922947
banana,5,22,96.47502090630243,120,332.7579372351178,335.83903016963825,346.6710074238335,0.2791407876660703,303.5445363961297
banana,5,23,93.04153804837627,120,332.7579372351178,338.28660970511055,326.2055816768418,0.31727870006798387,392.2814846628823
banana,6,0,16.059403559963176,120,332.7579372351178,317.23006317020383,310.38658885739846,0.9510421600187096,1167.2694864462383
banana,6,1,38.110415431334,120,332.7579372351178,295.7375408834854,303.0909138927735,0.8210244707631607,1102.1683375610598
banana,6,2,33.14034693850794,120,332.7579372351178,300.4910310157262,286.8743372947913,0.8548678239691525,1069.9805864144323
banana,6,3,0.45839071902997297,120,332.7579372351178,301.06986673487694,311.2863262020405,0.9997639076827216,1328.1627393201588
banana,6,4,12.227086567921624,120,332.7579372351178,338.739767373647,332.51610669961804,0.9674753515214891,1101.5142588267488
banana,6,5,37.601750110217175,120,332.7579372351178,301.17596244208204,311.49762113943825,0.8245957066699576,1026.7833803200836
banana,6,6,109.19317726252704,120,332.7579372351178,393.36700467619704,429.83996036729536,0.1319966813990061,126.96563671872535
banana,6,7,82.44231198038914,120,332.7579372351178,369.7842766638615,390.0565339601736,0.4305529143617878,422.2991390897512
banana,6,8,84.46285099611974,120,332.7579372351178,321.1444022897652,357.9470069862636,0.4094907078526544,454.95813197420455
banana,6,9,79.96624962938478,120,332.7579372351178,269.821031871142,303.1264086322608,0.4560133729927721,541.127865188306
banana,6,10,84.30486018417683,120,332.7579372351178,392.26177770860943,450.93825488396436,0.411146786232901,388.2546021509207
banana,6,11,77.29790657710991,120,332.7579372351178,281.5137670607417,289.4474968025262,0.48301287290942385,636.4523333688769
banana,6,12,60.048137485224146,120,332.7579372351178,289.98064380761593,303.2269542661493,0.6460210448006497,773.8487054272935
banana,6,13,44.24486050377543,120,332.7579372351178,324.11503025074234,314.6794817791843,0.7761163512551903,970.737816281133
banana,6,14,49.98053182846548,120,332.7579372351178,280.57011361881484,288.07726161221376,0.7311998910220543,980.5742977702782
banana,6,15,78.88241786041543,120,332.7579372351178,391.42744831051294,380.1541050837568,0.467035291979217,520.8435176863187
banana,6,16,81.3375840372053,120,332.7579372351178,368.6529174896826,358.17361469515896,0.4419603809028454,488.4136071312024
banana,6,17,78.19677125727318,120,332.7579372351178,319.0541220744222,307.4597241096008,0.47396897049500564,625.7689802644874
banana,6,18,47.41570891338039,120,332.7579372351178,329.35323919025325,334.1233479177641,0.7516229280114427,940.2877647214958
banana,6,19,34.48915157586957,120,332.7579372351178,315.6402688806923,327.9570257160285,0.8459180034141738,1072.2119403733818
banana,6,20,61.903428325479375,120,332.7579372351178,281.0108733161131,270.09394406728876,0.6294897871518521,892.0320863234055
banana,6,21,45.491285840632344,120,332.7579372351178,349.2243038329798,332.27621748372815,0.7665894672607355,877.4709827072817
banana,6,22,49.637120990236234,120,332.7579372351178,275.5097321993682,265.1607160196693,0.733965471666727,1050.6157941396038
banana,6,23,71.41580098868178,120,332.7579372351178,322.7421951914051,323.74068461588956,0.5408869914971196,665.9669636745632
